,Unnamed: 0,Unnamed: 0.1,paragraph_id,question_id,paragraph,question,target,list_ntokens_p,list_ntokens_q,list_ratio,list_intersections,len_paragraph,len_question,len_intersection,cos_dist,min_ratio,max_ratio,std_ratio,mean_ratio,num_sentences,min_inter,max_inter,list_bigrams_intersections,list_trigrams_intersections,bigram_intersection,trigram_intersection,min_2g_inter,max_2g_inter,std_2g_inter,mean_2g_inter,min_3g_inter,max_3g_inter,std_3g_inter,mean_3g_inter,unq_qwords_rate,list_len_percent,len_percent,min_len_percent,max_len_percent,std_len_percent,mean_len_percent,list_similar_max,similar_thr_15,similar_thr_30,similar_thr_45,similar_thr_60,similar_thr_75,similar_thr_90
0,0,0,1094,46273,"В отличие от рыб, земноводные (амфибии) и пресмыкающиеся (рептилии или гады) уже имеют два круга кровообращения и сердце у них трёхкамерное (появляется межпредсердная перегородка). Единственные современные рептилии, имеющие хотя и неполноценное (межпредсердиевая перегородка не полностью разделяет предсердия, что скорей всего связано с переходом предков к полуводному образу жизни и снижению активности), но уже четырёхкамерное сердце — крокодилы. Считается, что впервые четырёхкамерное сердце появилось у примитивных архозавров и развитых синапсидов. В дальнейшем такое строение сердца унаследовали прямые потомки динозавров — птицы и потомки примитивных млекопитающих — современные млекопитающие.","С какого года Русское Царство перешло на летоисчисление от Рождества Христова и празднование Нового года 1 января, а не 1 сентября?",0.0,"[['в', 'отличие', 'от', 'рыба', 'земноводный', 'и', 'пресмыкаться', 'уже', 'иметь', 'два', 'круг', 'кровообращение', 'и', 'сердце', 'у', 'они', 'трёхкамерный'], ['единственный', 'современный', 'рептилия', 'иметь', 'хотя', 'и', 'неполноценный', 'но', 'уже', 'четырёхкамерный', 'сердце', 'крокодилы'], ['считаться', 'что', 'впервые', 'четырёхкамерный', 'сердце', 'появиться', 'у', 'примитивный', 'архозавр', 'и', 'развитый', 'синапсидов'], ['в', 'дальнейший', 'такой', 'строение', 'сердце', 'унаследовать', 'прямая', 'потомок', 'динозавр', 'птица', 'и', 'потомок', 'примитивный', 'млекопитающее', 'современный', 'млекопитающие']]","[['с', 'какой', 'год', 'русский', 'царство', 'перейти', 'на', 'летоисчисление', 'от', 'рождество', 'христов', 'и', 'празднование', 'новое', 'год', '1', 'январь', 'а', 'не', '1', 'сентября', '?']]","[0.27586, 0.25664, 0.19556, 0.26415]","[2, 1, 1, 1]",67.0,19.0,3.0,1.0,0.19556,0.27586,0.031070863662762887,0.2480525,4.0,1.0,2.0,"[0, 0, 0, 0]","[0, 0, 0, 0]",0.0,0.0,0.0,0.0,0.0,0.0,0.0,0.0,0.0,0.0,0.9047619047619048,"[112.5, 158.3333, 158.3333, 126.6667]",42.8571,112.5,158.3333,20.011910949778766,138.958325,[0],0.0,0.0,0.0,0.0,0.0,0.0
1,1,1,7414,19164,"В 1049 году Балдуину V удалось отнять у Германии часть Брабанта, которую потом называли Имперской Фландрией . Зато от Фландрии за это время отделились графы Камбрезский, Булонский, Сен-Поль и Гиньский. При Балдуине V авторитет графов Фландрских стоял во Франции очень высоко. Король Генрих I, умирая, назначил Балдуина опекуном своего сына Филиппа. Балдуин завещал престол своему второму сыну, Балдуину VI. Старший сын Роберт, по прозванию Фриз, был этим очень обижен, и, когда его брат умер, он стал добывать себе престол мечом, энергично поддерживаемый горожанами против вдовы Балдуина VI и его малолетнего сына. Он сделался графом после более чем трёхлетней борьбы.","Кто упомянул о его первых разногласиях со Штейнбергом: Педагог хотел видеть в нём продолжателя русской традиции, а не очередного — вслед за Стравинским и Прокофьевым — её разрушителя, композитора с подозрительными модернистскими наклонностями ?",0.0,"[['в', '1049', 'год', 'балдуин', 'v', 'удаться', 'отнять', 'у', 'германия', 'часть', 'брабант', 'который', 'потом', 'называть', 'имперский', 'фландрия'], ['зато', 'от', 'фландрий', 'за', 'это', 'время', 'отделиться', 'граф', 'камбрезский', 'булонский', 'сен-поль', 'и', 'гиньский'], ['при', 'балдуиня', 'v', 'авторитет', 'граф', 'фландрский', 'стоялый', 'в', 'франция', 'очень', 'высоко'], ['король', 'генрих', 'i', 'умирать', 'назначить', 'балдуин', 'опекун', 'свой', 'сын', 'филиппа'], ['балдуин', 'завещать', 'престол', 'свой', 'второе', 'сын', 'балдуин', 'vi'], ['старший', 'сын', 'роберт', 'по', 'прозвание', 'фриз', 'быть', 'это', 'очень', 'обиженный', 'и', 'когда', 'он', 'брат', 'умереть', 'он', 'стать', 'добывать', 'себя', 'престол', 'меч', 'энергично', 'поддерживать', 'горожанин', 'против', 'вдовый', 'балдуин', 'vi', 'и', 'он', 'малолетний', 'сына'], ['он', 'сделаться', 'граф', 'после', 'более', 'чем', 'трёхлетний', 'борьбы']]","[['кто', 'упомянуть', 'о', 'он', 'один', 'разногласие', 'с', 'штейнбергом', ':', 'педагог', 'хотеть', 'видеть', 'в', 'он', 'продолжатель', 'русский', 'традиция', 'а', 'не', 'очередной', '—', 'вслед', 'за', 'стравинский', 'и', 'прокофьев', '—', 'её', 'разрушитель', 'композитор', 'с', 'подозрительный', 'модернистский', 'наклонность', '?']]","[0.04204, 0.00629, 0.04636, 0.02703, 0.01418, 0.0093, 0.02837]","[1, 2, 1, 0, 0, 2, 1]",89.0,31.0,3.0,1.0000000000000002,0.00629,0.046360000000000005,0.014518084148638163,0.02479571428571429,7.0,0.0,2.0,"[0, 0, 0, 0, 0, 0, 0]","[0, 0, 0, 0, 0, 0, 0]",0.0,0.0,0.0,0.0,0.0,0.0,0.0,0.0,0.0,0.0,1.0,"[193.75, 230.7692, 281.8182, 320.0, 457.1429, 103.4483, 387.5]",35.8974,103.4483,457.1429,110.5458270651422,282.06122857142856,[0],0.0,0.0,0.0,0.0,0.0,0.0
2,2,2,6744,39767,"Стремление достичь предельных значений ёмкости для NAND-устройств привело к стандартизации брака — праву выпускать и продавать микросхемы с некоторым процентом бракованных ячеек и без гарантии непоявления новых bad-блоков в процессе эксплуатации. Чтобы минимизировать потери данных, каждая страница памяти снабжается небольшим дополнительным блоком, в котором записывается контрольная сумма, информация для восстановления при одиночных битовых ошибках, информация о сбойных элементах на этой странице и количестве записей на эту страницу.","Как называется имеющая мировое значение эпоха в истории культуры Европы, пришедшая на смену Средним векам и предшествующая Просвещению и Новому времени?",0.0,"[['стремление', 'достигнуть', 'предельный', 'значение', 'ёмкость', 'для', 'nand-устройство', 'привести', 'к', 'стандартизация', 'брак', 'право', 'выпускать', 'и', 'продавать', 'микросхема', 'с', 'некоторые', 'процент', 'браковать', 'ячейка', 'и', 'без', 'гарантия', 'непоявление', 'новый', 'bad-блок', 'в', 'процесс', 'эксплуатации'], ['чтобы', 'минимизировать', 'потеря', 'дать', 'каждый', 'страница', 'память', 'снабжаться', 'небольшой', 'дополнительный', 'блок', 'в', 'который', 'записываться', 'контрольный', 'сумма', 'информация', 'для', 'восстановление', 'при', 'одиночный', 'битовый', 'ошибка', 'информация', 'о', 'сбойный', 'элемент', 'на', 'этот', 'страница', 'и', 'количество', 'запись', 'на', 'этот', 'страницу']]","[['как', 'называться', 'иметь', 'мировой', 'значение', 'эпоха', 'в', 'история', 'культура', 'европа', 'прийти', 'на', 'смена', 'средний', 'веко', 'и', 'предшествовать', 'просвещение', 'и', 'новый', 'времени', '?']]","[0.34715, 0.2217]","[4, 3]",62.0,20.0,3.0,0.966497483830504,0.2217,0.34715,0.062725,0.28442500000000004,2.0,3.0,4.0,"[0, 0]","[0, 0]",0.0,0.0,0.0,0.0,0.0,0.0,0.0,0.0,0.0,0.0,0.9523809523809524,"[58.6207, 56.25]",27.5862,56.25,58.6207,1.1853499999999997,57.43535,[0],0.0,0.0,0.0,0.0,0.0,0.0
3,3,3,7300,36318,"Первый практически пригодный двухтактный газовый ДВС был сконструирован французским механиком Этьеном Ленуаром в 1860 году. Мощность составляла 8,8 кВт (11,97 л. с.). Двигатель представлял собой одноцилиндровую горизонтальную машину двойного действия, работавшую на смеси воздуха и светильного газа с электрическим искровым зажиганием от постороннего источника. В конструкции двигателя появился кривошипно-шатунный механизм. КПД двигателя не превышал 4,65 %. Несмотря на недостатки, двигатель Ленуара получил некоторое распространение. Использовался как лодочный двигатель.",Что усугублялось из-за международного давления на правительство Альенде и ограничения торговли с Чили?,0.0,"[['один', 'практически', 'пригодный', 'двухтактный', 'газовый', 'двс', 'быть', 'сконструировать', 'французский', 'механик', 'этьен', 'ленуар', 'в', '1860', 'году'], ['мощность', 'составлять', '88', 'квт'], ['двигатель', 'представлять', 'себя', 'одноцилиндровый', 'горизонтальный', 'машина', 'двойной', 'действие', 'работать', 'на', 'смесь', 'воздух', 'и', 'светильный', 'газа', 'с', 'электрический', 'искровой', 'зажигание', 'от', 'посторонний', 'источника'], ['в', 'конструкция', 'двигатель', 'появиться', 'кривошипно-шатунный', 'механизм'], ['кпд', 'двигатель', 'не', 'превышать', '465'], ['несмотря', 'на', 'недостаток', 'двигатель', 'ленуар', 'получить', 'некоторый', 'распространение'], ['использоваться', 'как', 'лодочный', 'двигатель']]","[['что', 'усугубляться', 'из-за', 'международный', 'давление', 'на', 'правительство', 'альенде', 'и', 'ограничение', 'торговля', 'с', 'чили', '?']]","[0.27523, 0.15625, 0.23693, 0.26829, 0.25758, 0.29545, 0.31655]","[0, 0, 3, 0, 0, 1, 0]",66.0,14.0,3.0,1.0000000000000004,0.15625,0.31655,0.04785474241314617,0.25803999999999994,7.0,0.0,3.0,"[0, 0, 0, 0, 0, 0, 0]","[0, 0, 0, 0, 0, 0, 0]",0.0,0.0,0.0,0.0,0.0,0.0,0.0,0.0,0.0,0.0,1.0,"[93.3333, 350.0, 50.0, 233.3333, 280.0, 162.5, 350.0]",19.2982,50.0,350.0,110.69035021349293,217.0238,[0],0.0,0.0,0.0,0.0,0.0,0.0
4,4,4,7077,41534,"Требуя от художника углубленного изучения изображаемых предметов, Леонардо да Винчи заносил все свои наблюдения в записную книжку, которую постоянно носил при себе. Итогом стал своеобразный интимный дневник, подобного которому нет во всей мировой литературе. Рисунки, чертежи и эскизы сопровождаются здесь краткими заметками по вопросам перспективы, архитектуры, музыки, естествознания, военно-инженерного дела и тому подобное; всё это пересыпано разнообразными изречениями, философскими рассуждениями, аллегориями, анекдотами, баснями. В совокупности записи этих 120 книжек представляют материалы для обширнейшей энциклопедии. Однако он не стремился к публикации своих мыслей и даже прибегал к тайнописи, полная расшифровка его записей не выполнена до сих пор.",Какой характер носят пророчества Леонардо да Винчи?,0.0,"[['требовать', 'от', 'художник', 'углублённый', 'изучение', 'изображать', 'предмет', 'леонардо', 'да', 'винчи', 'заносить', 'весь', 'свой', 'наблюдение', 'в', 'записной', 'книжка', 'который', 'постоянно', 'носить', 'при', 'себе'], ['итог', 'стать', 'своеобразный', 'интимный', 'дневник', 'подобный', 'который', 'нет', 'в', 'весь', 'мировой', 'литературе'], ['рисунок', 'чертёж', 'и', 'эскиз', 'сопровождаться', 'здесь', 'краткий', 'заметка', 'по', 'вопрос', 'перспектива', 'архитектура', 'музыка', 'естествознание', 'военно-инженерный', 'дело', 'и', 'тот', 'подобный', 'весь', 'это', 'пересыпать', 'разнообразный', 'изречение', 'философский', 'рассуждение', 'аллегория', 'анекдот', 'баснями'], ['в', 'совокупность', 'запись', 'этот', '120', 'книжка', 'представлять', 'материал', 'для', 'обширный', 'энциклопедии'], ['однако', 'он', 'не', 'стремиться', 'к', 'публикация', 'свой', 'мысль', 'и', 'даже', 'прибегать', 'к', 'тайнопись', 'полный', 'расшифровка', 'он', 'запись', 'не', 'выполнить', 'до', 'сей', 'пор']]","[['какой', 'характер', 'носить', 'пророчество', 'леонардо', 'да', 'винчи', '?']]","[0.28972, 0.22857, 0.14667, 0.2029, 0.16484]","[4, 0, 0, 0, 0]",93.0,7.0,3.0,0.8485110513566452,0.14667,0.28972,0.05047928248301475,0.20653999999999995,5.0,0.0,4.0,"[1, 0, 0, 0, 0]","[0, 0, 0, 0, 0]",1.0,0.0,0.0,1.0,0.4000000000000001,0.2,0.0,0.0,0.0,0.0,1.0,"[18.1818, 66.6667, 28.5714, 72.7273, 42.1053]",4.878,18.1818,72.7273,21.135881056724372,45.6505,[0],0.0,0.0,0.0,0.0,0.0,0.0
5,5,5,3559,62585,"Белки — высокомолекулярные органические вещества, состоящие из соединённых в цепочку пептидной связью альфа-аминокислот. В живых организмах аминокислотный состав белков определяется генетическим кодом, при синтезе в большинстве случаев используется 20 стандартных аминокислот. Множество их комбинаций дают большое разнообразие свойств молекул белков. Кроме того, аминокислоты в составе белка часто подвергаются посттрансляционным модификациям, которые могут возникать и до того, как белок начинает выполнять свою функцию, и во время его работы в клетке. Часто в живых организмах несколько молекул белков образуют сложные комплексы, например, фотосинтетический комплекс.",Какие действия предприняла подводная лодка Черепаха Бушнелла во время войны за независимость США при попытке скрыться?,0.0,"[['белка', 'высокомолекулярный', 'органический', 'вещество', 'состоять', 'из', 'соединить', 'в', 'цепочка', 'пептидный', 'связь', 'альфа-аминокислот'], ['в', 'живой', 'организм', 'аминокислотный', 'состав', 'белок', 'определяться', 'генетический', 'код', 'при', 'синтез', 'в', 'большинство', 'случай', 'использоваться', '20', 'стандартный', 'аминокислот'], ['множество', 'они', 'комбинация', 'давать', 'большой', 'разнообразие', 'свойство', 'молекула', 'белков'], ['кроме', 'тот', 'аминокислота', 'в', 'состав', 'белок', 'часто', 'подвергаться', 'посттрансляционный', 'модификация', 'который', 'мочь', 'возникать', 'и', 'до', 'тот', 'как', 'белка', 'начинать', 'выполнять', 'свой', 'функция', 'и', 'в', 'время', 'он', 'работа', 'в', 'клетке'], ['часто', 'в', 'живой', 'организм', 'несколько', 'молекула', 'белок', 'образовать', 'сложный', 'комплекс', 'например', 'фотосинтетический', 'комплекс']]","[['какой', 'действие', 'предпринять', 'подводный', 'лодка', 'черепаха', 'бушнелла', 'в', 'время', 'война', 'за', 'независимость', 'сша', 'при', 'попытка', 'скрыться', '?']]","[0.25217, 0.20301, 0.19487, 0.26623, 0.27948]","[1, 2, 0, 2, 1]",70.0,16.0,3.0,0.9916251415613714,0.19487,0.27948,0.03404753641601695,0.239152,5.0,0.0,2.0,"[0, 0, 0, 0, 0]","[0, 0, 0, 0, 0]",0.0,0.0,0.0,0.0,0.0,0.0,0.0,0.0,0.0,0.0,1.0,"[133.3333, 88.2353, 188.8889, 60.0, 133.3333]",21.875,60.0,188.8889,44.062129894393436,120.75816,[0],0.0,0.0,0.0,0.0,0.0,0.0
6,6,6,4350,3730,"Прайсинговые методы — в основе лежит принцип издержки плюс прибыль . В качестве издержек могут использоваться полные, усреднённые, предельные, стандартные или нормативные затраты (полные, усреднённые, предельные затраты связаны с реальным производством; стандартные и нормативные оторваны от производства фирмы, они приняты при нормальных условиях производства — используются, когда нужно ограничить издержки). В качестве прибыли чаще всего берут среднеотраслевую, если иное не определено законодательством (идёт накидка на издержки) — есть товары, на которые накидка регулируется. Но существуют и другие методы определения прибыли — например, целевая прибыль. Если какое-то предприятие в силу определённой ситуации на рынке может воздействовать на цену (убедить или заставить рынок), то тогда оно может задавать прибыль (по модели точки безубыточности ).","Как называют остановки, до которых и на которых не производится оформление проездных документов?",0.0,"[['прайсинговый', 'метод', 'в', 'основа', 'лежать', 'принцип', 'издержка', 'плюс', 'прибыль'], ['в', 'качество', 'издержка', 'мочь', 'использоваться', 'полный', 'усреднить', 'предельный', 'стандартный', 'или', 'нормативный', 'затрата'], ['в', 'качество', 'прибыть', 'чаща', 'всего', 'брать', 'среднеотраслевой', 'если', 'иной', 'не', 'определить', 'законодательство', 'есть', 'товар', 'на', 'который', 'накидка', 'регулируется'], ['но', 'существовать', 'и', 'другой', 'метод', 'определение', 'прибыть', 'например', 'целевой', 'прибыль'], ['если', 'какой-то', 'предприятие', 'в', 'сила', 'определённый', 'ситуация', 'на', 'рынок', 'мочь', 'воздействовать', 'на', 'цена', 'то', 'тогда', 'оно', 'мочь', 'задавать', 'прибыль']]","[['как', 'называть', 'остановка', 'до', 'который', 'и', 'на', 'который', 'не', 'производиться', 'оформление', 'проездной', 'документов', '?']]","[0.19876, 0.35, 0.29185, 0.33721, 0.21525]","[0, 0, 3, 1, 1]",83.0,12.0,3.0,0.9895029791740456,0.19876,0.35,0.061800164595250076,0.278614,5.0,0.0,3.0,"[0, 0, 0, 0, 0]","[0, 0, 0, 0, 0]",0.0,0.0,0.0,0.0,0.0,0.0,0.0,0.0,0.0,0.0,0.9230769230769232,"[144.4444, 108.3333, 55.5556, 120.0, 70.5882]",16.6667,55.5556,144.4444,32.511150759085716,99.7843,[0],0.0,0.0,0.0,0.0,0.0,0.0
7,7,7,8012,86629,"Применяли изначально для определения близкородственных групп, которые называли также племенами , в библейской литературе родами , которые делились на колена и т. п. В дальнейшем, особенно, с появлением государственных образований, слово стало приобретать более размытое значение. Например, многочисленные племена варваров римляне объединяли в галлов, франков, германцев, даков и т. п. При этом, римляне прекрасно знали об их внутреннем делении на десятки крупных и мелких родов, что засвидетельствовано в многочисленных римских хрониках . Например, современный город Париж был основан паризиями. Зачастую, объединяющим признаком становился близкий язык. Например, греки, а затем римляне именовали все иные народы ономатопом барбарос — имитация непонятной речи. Аналогично, у восточных славян киевский монах Нестор-летописец использовал как объединяющий или различающий признак языци . Существовали и совершенно странные наименования других народов, которые им давали пришельцы.",Какой признак киевский монах Нестор-летописец использовал для разделения народностей?,1.0,"[['применять', 'изначально', 'для', 'определение', 'близкородственный', 'группа', 'который', 'называть', 'также', 'племя', 'в', 'библейский', 'литература', 'роды', 'который', 'делиться', 'на', 'колено', 'и', 'т', 'п', 'в', 'дальнейший', 'особенно', 'с', 'появление', 'государственный', 'образование', 'слово', 'стать', 'приобретать', 'более', 'размытый', 'значение'], ['например', 'многочисленный', 'племя', 'варвар', 'римляна', 'объединять', 'в', 'галл', 'франк', 'германец', 'даковы', 'и', 'т', 'п', 'при', 'это', 'римляна', 'прекрасно', 'знать', 'о', 'они', 'внутренний', 'деление', 'на', 'десятка', 'крупный', 'и', 'мелкий', 'роды', 'что', 'засвидетельствовать', 'в', 'многочисленный', 'римский', 'хроник'], ['например', 'современный', 'город', 'париж', 'быть', 'основать', 'паризиями'], ['зачастую', 'объединять', 'признак', 'становиться', 'близкий', 'язык'], ['например', 'грек', 'а', 'затем', 'римляна', 'именовать', 'весь', 'иной', 'народ', 'ономатоп', 'барбароса', 'имитация', 'непонятный', 'речи'], ['аналогично', 'у', 'восточный', 'славянин', 'киевский', 'монах', 'нестор-летописец', 'использовать', 'как', 'объединять', 'или', 'различать', 'признак', 'языци'], ['существовать', 'и', 'совершенно', 'странный', 'наименование', 'другой', 'народ', 'который', 'имя', 'давать', 'пришельцы']]","[['какой', 'признак', 'киевский', 'монах', 'нестор-летописец', 'использовать', 'для', 'разделение', 'народностей', '?']]","[0.18338, 0.24768, 0.30769, 0.25899, 0.34409, 0.59223, 0.30682]","[1, 0, 0, 1, 0, 5, 0]",108.0,10.0,7.0,0.7543306935932086,0.18338,0.59223,0.12108560476634972,0.3201257142857143,7.0,0.0,5.0,"[0, 0, 0, 0, 0, 3, 0]","[0, 0, 0, 0, 0, 2, 0]",3.0,2.0,0.0,3.0,1.049781318335648,0.42857142857142855,0.0,2.0,0.6998542122237652,0.2857142857142857,1.0,"[28.125, 32.2581, 142.8571, 150.0, 71.4286, 35.7143, 90.9091]",4.0404,28.125,150.0,47.755609979911995,78.75602857142857,[0],0.0,0.0,0.0,0.0,0.0,0.0
8,8,8,3634,69421,"Успешная конверсия по-разному определяется группами различных специалистов. Например, для маркетологов успешная конверсия считается соотношением количества продаж к количеству посетителей, изначально проявившим интерес к объявлению, размещенному в виде баннерной рекламы. Создатели контента назовут конверсию успешной, опираясь на показатели активности регистрации пользователей, подписки на рассылки, количество скачиваний ПО или другой целевой деятельности. Сайтам, которые нацелены на формирование офлайн-действий аудитории (это могут быть телефонные звонки или личное посещение магазина), измерить уровень конверсии сложнее. Чтобы понять, по какому рекламному каналу пришёл клиент, и для более точного сбора информации к сайту подключаются несколько виртуальных номеров, в том числе и бесплатные номера 800.","Чтобы понять, по какому рекламному каналу пришёл клиент, и для более точного сбора информации к сайту что подключается?",1.0,"[['успешный', 'конверсия', 'по-разному', 'определяться', 'группа', 'различный', 'специалистов'], ['например', 'для', 'маркетолог', 'успешный', 'конверсия', 'считаться', 'соотношение', 'количество', 'продажа', 'к', 'количество', 'посетитель', 'изначально', 'проявить', 'интерес', 'к', 'объявление', 'разместить', 'в', 'вид', 'баннерный', 'рекламы'], ['создатель', 'контент', 'назвать', 'конверсия', 'успешный', 'опираться', 'на', 'показатель', 'активность', 'регистрация', 'пользователь', 'подписка', 'на', 'рассылка', 'количество', 'скачивание', 'по', 'или', 'другой', 'целевой', 'деятельности'], ['сайт', 'который', 'нацелить', 'на', 'формирование', 'офлайна-действие', 'аудитория', 'измерить', 'уровень', 'конверсия', 'сложнее'], ['чтобы', 'понять', 'по', 'какой', 'рекламный', 'канал', 'прийти', 'клиент', 'и', 'для', 'более', 'точный', 'сбор', 'информация', 'к', 'сайт', 'подключаться', 'несколько', 'виртуальный', 'номер', 'в', 'тот', 'число', 'и', 'бесплатный', 'номер', '800']]","[['чтобы', 'понять', 'по', 'какой', 'рекламный', 'канал', 'прийти', 'клиент', 'и', 'для', 'более', 'точный', 'сбор', 'информация', 'к', 'сайт', 'что', 'подключается', '?']]","[0.27174, 0.15593, 0.2381, 0.1327, 0.75445]","[0, 2, 1, 1, 16]",89.0,18.0,16.0,0.6538308108836567,0.1327,0.75445,0.22774564308456044,0.310584,5.0,0.0,16.0,"[0, 0, 0, 0, 8]","[0, 0, 0, 0, 7]",8.0,7.0,0.0,8.0,3.2,1.6,0.0,7.0,2.8,1.4,1.0,"[271.4286, 85.0, 90.0, 163.6364, 12.0]",4.2254,12.0,271.4286,87.77970546535231,124.413,[0],0.0,0.0,0.0,0.0,0.0,0.0
9,9,9,4350,27335,"Прайсинговые методы — в основе лежит принцип издержки плюс прибыль . В качестве издержек могут использоваться полные, усреднённые, предельные, стандартные или нормативные затраты (полные, усреднённые, предельные затраты связаны с реальным производством; стандартные и нормативные оторваны от производства фирмы, они приняты при нормальных условиях производства — используются, когда нужно ограничить издержки). В качестве прибыли чаще всего берут среднеотраслевую, если иное не определено законодательством (идёт накидка на издержки) — есть товары, на которые накидка регулируется. Но существуют и другие методы определения прибыли — например, целевая прибыль. Если какое-то предприятие в силу определённой ситуации на рынке может воздействовать на цену (убедить или заставить рынок), то тогда оно может задавать прибыль (по модели точки безубыточности ).",Урожайность сои в каких странах почти не отличается от продуктивности сои в США?,0.0,"[['прайсинговый', 'метод', 'в', 'основа', 'лежать', 'принцип', 'издержка', 'плюс', 'прибыль'], ['в', 'качество', 'издержка', 'мочь', 'использоваться', 'полный', 'усреднить', 'предельный', 'стандартный', 'или', 'нормативный', 'затрата'], ['в', 'качество', 'прибыть', 'чаща', 'всего', 'брать', 'среднеотраслевой', 'если', 'иной', 'не', 'определить', 'законодательство', 'есть', 'товар', 'на', 'который', 'накидка', 'регулируется'], ['но', 'существовать', 'и', 'другой', 'метод', 'определение', 'прибыть', 'например', 'целевой', 'прибыль'], ['если', 'какой-то', 'предприятие', 'в', 'сила', 'определённый', 'ситуация', 'на', 'рынок', 'мочь', 'воздействовать', 'на', 'цена', 'то', 'тогда', 'оно', 'мочь', 'задавать', 'прибыль']]","[['урожайность', 'соя', 'в', 'какой', 'страна', 'почти', 'не', 'отличаться', 'от', 'продуктивность', 'соя', 'в', 'сша', '?']]","[0.34722, 0.3388, 0.2963, 0.27097, 0.20388]","[1, 1, 2, 0, 1]",83.0,11.0,3.0,1.0000000000000002,0.20388,0.34722,0.05189175641660243,0.291434,5.0,0.0,2.0,"[0, 0, 0, 0, 0]","[0, 0, 0, 0, 0]",0.0,0.0,0.0,0.0,0.0,0.0,0.0,0.0,0.0,0.0,0.8461538461538461,"[122.2222, 91.6667, 55.5556, 120.0, 64.7059]",18.5185,55.5556,122.2222,27.436512474685998,90.83008000000001,[0],0.0,0.0,0.0,0.0,0.0,0.0
10,10,10,1436,21441,"Относительно нормативности использовании термина в форме пиксел либо пиксель имеются различные мнения. Так Русский орфографический словарь РАН [4] квалифицирует форму пиксел как общеупотребительную, а форму пиксель как характерную разговорной профессиональной или разговорной и профессиональной речи (в сокращениях словаря нет расшифровки для разг. проф. речи, но есть отдельно разг. — разговорное, проф. — профессиональное[5]; однозначной расшифровки этого определения не даёт и справочная служба русского языка на портале Грамота.ру[6]). С другой стороны, действующий ГОСТ 27459-87[7] предусматривает термин пиксель как единственно возможный для использования в области применения указанного стандарта (компьютерная графика) и который является обязательным для применения в документации и литературе всех видов, входящих в сферу действия стандартизации или использующих результаты этой деятельности . При этом ГОСТ 27459-87 под термином пиксель понимает наименьший элемент поверхности визуализации, которому может быть независимым образом заданы цвет, интенсивность и другие характеристики изображения .",Какую форму пиксел или пиксель Русский орфографический словарь РАН квалифицирует как характерную разговорной профессиональной или разговорной и профессиональной речи?,1.0,"[['относительно', 'нормативность', 'использование', 'термин', 'в', 'форма', 'пиксел', 'либо', 'пиксель', 'иметься', 'различный', 'мнения'], ['так', 'русский', 'орфографический', 'словарь', 'рана', 'квалифицировать', 'форма', 'пиксел', 'как', 'общеупотребительный', 'а', 'форма', 'пиксель', 'как', 'характерный', 'разговорный', 'профессиональный', 'или', 'разговорный', 'и', 'профессиональный', 'речь', 'однозначный', 'расшифровка', 'это', 'определение', 'не', 'давать', 'и', 'справочный', 'служба', 'русский', 'язык', 'на', 'портал', 'грамотар'], ['с', 'другой', 'сторона', 'действующий', 'гост', '27459-87', 'предусматривать', 'термин', 'пиксель', 'как', 'единственно', 'возможный', 'для', 'использование', 'в', 'область', 'применение', 'указанный', 'стандарт', 'и', 'который', 'являться', 'обязательный', 'для', 'применение', 'в', 'документация', 'и', 'литература', 'весь', 'вид', 'входящая', 'в', 'сфера', 'действие', 'стандартизация', 'или', 'использовать', 'результат', 'этот', 'деятельность'], ['при', 'это', 'гост', '27459-87', 'под', 'термин', 'пиксель', 'понимать', 'наименьший', 'элемент', 'поверхность', 'визуализация', 'который', 'мочь', 'быть', 'независимый', 'образ', 'задать', 'цвета', 'интенсивность', 'и', 'другой', 'характеристика', 'изображение']]","[['какой', 'форма', 'пиксел', 'или', 'пиксель', 'русский', 'орфографический', 'словарь', 'рана', 'квалифицировать', 'как', 'характерный', 'разговорный', 'профессиональный', 'или', 'разговорный', 'и', 'профессиональный', 'речи', '?']]","[0.31111, 0.60515, 0.2334, 0.22652]","[3, 14, 4, 2]",110.0,16.0,15.0,0.3526193194535427,0.22652,0.60515,0.1543656186623174,0.344045,4.0,2.0,14.0,"[1, 8, 0, 0]","[0, 6, 0, 0]",8.0,6.0,0.0,8.0,3.344772040064913,2.25,0.0,6.0,2.598076211353316,1.5,0.8421052631578947,"[116.6667, 10.0, 36.1111, 62.5]",3.5714,10.0,116.6667,39.477394287395676,56.31945,[0],0.0,0.0,0.0,0.0,0.0,0.0
11,11,11,949,51239,"1980-е годы для Спилберга были своего рода площадкой для новых экспериментов и создания картин совсем другого плана. Он также много продюсирует, являясь владельцем созданной им в 1984 году кинокомпании Amblin Entertainment , которая в свою очередь помогла выйти к широкому зрителю таким ныне известным режиссёрам, как Джо Данте, Джон Лэндис, Тоуб Хупер, Роберт Земекис, Дж. Миллер. При участии Спилберга было выпущено более ста фильмов — Назад в будущее и Кто подставил кролика Роджера , снятые Робертом Земекисом, а также Гремлины , Смерч , Люди в чёрном , Столкновение с бездной , Маска Зорро и другие.",Какая скорость ленты магнитофона считалась минимально приемлемой для записи музыки и была основной в недорогих аппаратах?,0.0,"[['1980-е', 'год', 'для', 'спилберг', 'быть', 'свой', 'род', 'площадка', 'для', 'новый', 'эксперимент', 'и', 'создание', 'картина', 'совсем', 'другой', 'плана'], ['он', 'также', 'много', 'продюсировать', 'являться', 'владелец', 'создать', 'имя', 'в', '1984', 'год', 'кинокомпания', 'amblin', 'entertainment', 'который', 'в', 'свой', 'очередь', 'помочь', 'выйти', 'к', 'широкий', 'зритель', 'такой', 'ныне', 'известный', 'режиссёр', 'как', 'джо', 'данте', 'джон', 'лэндис', 'тоуб', 'хупереть', 'роберт', 'земекиса', 'дж'], ['миллер'], ['при', 'участие', 'спилберг', 'быть', 'выпустить', 'более', 'сто', 'фильм', 'назад', 'в', 'будущее', 'и', 'кто', 'подставить', 'кролик', 'роджер', 'снятой', 'роберт', 'земекис', 'а', 'также', 'гремлин', 'смерч', 'человек', 'в', 'чёрный', 'столкновение', 'с', 'бездна', 'маска', 'зорро', 'и', 'другие']]","[['какой', 'скорость', 'лента', 'магнитофон', 'считаться', 'минимально', 'приемлемый', 'для', 'запись', 'музыка', 'и', 'быть', 'основной', 'в', 'недорогой', 'аппаратах', '?']]","[0.27193, 0.19619, 0.09449, 0.18576]","[3, 1, 0, 3]",81.0,16.0,3.0,1.0000000000000004,0.09449,0.27193,0.0629626168353095,0.1870925,4.0,0.0,3.0,"[0, 0, 0, 0]","[0, 0, 0, 0]",0.0,0.0,0.0,0.0,0.0,0.0,0.0,0.0,0.0,0.0,1.0,"[87.5, 44.4444, 1700.0, 45.1613]",17.1053,44.4444,1700.0,710.7724047587117,469.276425,[0],0.0,0.0,0.0,0.0,0.0,0.0
12,12,12,4817,54121,"Первым романтическим увлечением юного Тургенева была влюблённость в дочь княгини Шаховской — Екатерину (1815—1836), юную поэтессу. Имения их родителей в Подмосковье граничили, они часто обменивались визитами. Ему было 15, ей 19. В письмах к сыну Варвара Тургенева называла Екатерину Шаховскую поэткой и злодейкой , поскольку не устоял против чар молодой княжны и сам Сергей Николаевич, отец Ивана Тургенева, которому девушка ответила взаимностью, что разбило сердце будущего писателя. Эпизод намного позже, в 1860 году, отразился в повести Первая любовь , в которой писатель наделил некоторыми чертами Кати Шаховской героиню повести Зинаиду Засекину.","Кто в итоге стал любовником Екатерины Шаховской, возлюбленной Тургенева?",1.0,"[['один', 'романтический', 'увлечение', 'юный', 'тургенев', 'быть', 'влюблённость', 'в', 'дочь', 'княгиня', 'шаховской', 'екатерина', 'юный', 'поэтессу'], ['имение', 'они', 'родитель', 'в', 'подмосковье', 'граничить', 'они', 'часто', 'обмениваться', 'визитами'], ['он', 'быть', '15', 'она', '19', 'в', 'письмо', 'к', 'сын', 'варвар', 'тургенев', 'называть', 'екатерина', 'шаховской', 'поэтка', 'и', 'злодейка', 'поскольку', 'не', 'устоять', 'против', 'чара', 'молодая', 'княжна', 'и', 'сам', 'сергей', 'николай', 'отец', 'иван', 'тургенев', 'который', 'девушка', 'ответить', 'взаимность', 'что', 'разбить', 'сердце', 'будущее', 'писателя'], ['эпизод', 'намного', 'поздний', 'в', '1860', 'год', 'отразиться', 'в', 'повесть', 'один', 'любовь', 'в', 'который', 'писатель', 'наделить', 'некоторый', 'черта', 'катя', 'шаховской', 'героиня', 'повесть', 'зинаида', 'засекину']]","[['кто', 'в', 'итог', 'стать', 'любовник', 'екатерина', 'шаховской', 'возлюбить', 'тургенева', '?']]","[0.32955, 0.28169, 0.28571, 0.37333]","[3, 1, 3, 2]",79.0,9.0,3.0,0.5939348679568047,0.28169,0.37333,0.0372663789493962,0.31757,4.0,1.0,3.0,"[0, 0, 1, 0]","[0, 0, 0, 0]",1.0,0.0,0.0,1.0,0.4330127018922193,0.25,0.0,0.0,0.0,0.0,1.0,"[53.8462, 100.0, 18.4211, 40.0]",10.0,18.4211,100.0,29.893136826567314,53.066825,[0],0.0,0.0,0.0,0.0,0.0,0.0
13,13,13,3489,43748,"После Платона и Аристотеля в Греции, а затем в Римской империи продолжали своё развитие несколько философских школ и течений, основанных на греческой философии, включая неопифагореизм, платонизм, а также перипатетиков, продолжающих философию Аристотеля. Скептики выражали и развивали идеи софистов о невозможности приобретения истинных знаний о мире. Среди новых течений этого периода выделялся стоицизм — этическая концепция, схожая с китайским даосизмом, отождествляющая источник гармонии в мире с принятием естественного порядка вещей и, соответственно, рекомендующая стоически переносить все повороты судьбы. Наконец, ещё одним важным течением этого периода стал неоплатонизм. Известный философ этого периода идеолог неоплатонизма Плотин (III век н. э.) возражал против антропоморфности Бога, утверждая, что таким образом у Бога, который должен быть всемогущим, в результате человекоподобия появлялись бы границы возможностей. Как следствие, в неоплатонизме происходит сближение между монотеистическим всемогущим богом и миром идей или форм Платона, что сделало возможным частичную интеграцию идей Платона в христианство и другие монотеистические религии.","Кто в своих работах показал, что всё человеческое знание основывается на обобщении наблюдаемых явлений, строго говоря, на индуктивном мышлении?",0.0,"[['после', 'платон', 'и', 'аристотель', 'в', 'греция', 'а', 'затем', 'в', 'римский', 'империя', 'продолжать', 'свой', 'развитие', 'несколько', 'философский', 'школа', 'и', 'течение', 'основать', 'на', 'греческий', 'философия', 'включая', 'неопифагореизм', 'платонизм', 'а', 'также', 'перипатетик', 'продолжать', 'философия', 'аристотеля'], ['скептик', 'выражать', 'и', 'развивать', 'идея', 'софист', 'о', 'невозможность', 'приобретение', 'истинный', 'знание', 'о', 'мире'], ['среди', 'новый', 'течение', 'это', 'период', 'выделяться', 'стоицизм', 'этический', 'концепция', 'схожий', 'с', 'китайский', 'даосизм', 'отождествлять', 'источник', 'гармония', 'в', 'мир', 'с', 'принятие', 'естественный', 'порядок', 'вещий', 'и', 'соответственно', 'рекомендовать', 'стоически', 'переносить', 'весь', 'поворот', 'судьбы'], ['наконец', 'ещё', 'один', 'важный', 'течение', 'это', 'период', 'стать', 'неоплатонизм'], ['известный', 'философ', 'это', 'период', 'идеолог', 'неоплатонизм', 'плотина', 'возражать', 'против', 'антропоморфность', 'бог', 'утверждать', 'что', 'такой', 'образ', 'у', 'бог', 'который', 'должный', 'быть', 'всемогущий', 'в', 'результат', 'человекоподобие', 'появляться', 'бы', 'граница', 'возможностей'], ['как', 'следствие', 'в', 'неоплатонизм', 'происходить', 'сближение', 'между', 'монотеистический', 'всемогущий', 'бог', 'и', 'мир', 'идея', 'или', 'форма', 'платон', 'что', 'сделать', 'возможный', 'частичный', 'интеграция', 'идея', 'платон', 'в', 'христианство', 'и', 'другой', 'монотеистический', 'религии']]","[['кто', 'в', 'свой', 'работа', 'показать', 'что', 'весь', 'человеческий', 'знание', 'основываться', 'на', 'обобщение', 'наблюдать', 'явление', 'строго', 'говорить', 'на', 'индуктивный', 'мышлении', '?']]","[0.26772, 0.24034, 0.23834, 0.24752, 0.25275, 0.24377]","[3, 1, 2, 0, 2, 2]",120.0,18.0,3.0,0.9740948923407392,0.23834,0.26772,0.009836692646526184,0.24840666666666664,6.0,0.0,3.0,"[0, 0, 0, 0, 0, 0]","[0, 0, 0, 0, 0, 0]",0.0,0.0,0.0,0.0,0.0,0.0,0.0,0.0,0.0,0.0,0.9473684210526316,"[59.2593, 150.0, 56.6667, 211.1111, 62.963, 70.8333]",11.9266,56.6667,211.1111,58.574925523573846,101.80556666666666,[0],0.0,0.0,0.0,0.0,0.0,0.0
14,14,14,5156,87209,"В древности разум традиционно связывался с благом и божеством. После того, как Аристотель (определивший Божество как самомышление — τής νοήσεως νοήσις) и стоики (учившие о мировом разуме) признали за разумным мышлением абсолютную ценность, скептическая реакция разрешилась[уточнить] в неоплатонизме, ставившем Разум и умственную деятельность на второй план и признававшем высшее значение со стороны объективной — за сверхразумным Благом или безразличным Единством, а со стороны субъекта — за умоисступлённым восторгом (έχστασις). Христианская традиция не связывает разум с божеством, требуя для приближения к божеству не разума, но избежания греха, определённое и умеренное выражение такая точка зрения получила в общепризнанном средневековом различении (схоластика) между разумом как светом естественным (lux naturae) и высшим божественным, или благодатным, просвещением (illummatio divina s. lux gratiae). В то же время Климент Александрийский, Василий Великий, Григорий Нисский и другие представители патристики учили, что образ Божий заключается в разумности человека[10].","Что сделал автор, когда набрёл на случай, о том как деревня, принадлежавшая одному из убитых феодалов, наняла нескольких ронинов для защиты от разбойников",0.0,"[['в', 'древность', 'разум', 'традиционно', 'связываться', 'с', 'благо', 'и', 'божеством'], ['после', 'тот', 'как', 'аристотель', 'и', 'стоик', 'признать', 'за', 'разумный', 'мышление', 'абсолютный', 'ценность', 'скептический', 'реакция', 'разрешиться', 'в', 'неоплатонизм', 'ставить', 'разум', 'и', 'умственный', 'деятельность', 'на', 'два', 'план', 'и', 'признавать', 'высокий', 'значение', 'с', 'сторона', 'объективный', 'за', 'сверхразумный', 'благо', 'или', 'безразличный', 'единство', 'а', 'с', 'сторона', 'субъект', 'за', 'умоисступлённый', 'восторг'], ['христианский', 'традиция', 'не', 'связывать', 'разум', 'с', 'божество', 'требовать', 'для', 'приближение', 'к', 'божество', 'не', 'разум', 'но', 'избежание', 'грех', 'определённый', 'и', 'умеренный', 'выражение', 'такой', 'точка', 'зрение', 'получить', 'в', 'общепризнанный', 'средневековый', 'различение', 'между', 'разум', 'как', 'свет', 'естественный', 'и', 'высокий', 'божественный', 'или', 'благодатный', 'просвещение'], ['в', 'то', 'же', 'время', 'климент', 'александрийский', 'василий', 'великий', 'григорий', 'нисский', 'и', 'другой', 'представитель', 'патристика', 'учить', 'что', 'образ', 'божий', 'заключаться', 'в', 'разумность', 'человека']]","[['что', 'сделать', 'автор', 'когда', 'набрести', 'на', 'случай', 'о', 'тот', 'как', 'деревня', 'принадлежать', 'один', 'из', 'убитый', 'феодал', 'нанять', 'несколько', 'рониновый', 'для', 'защита', 'от', 'разбойник']]","[0.14493, 0.13866, 0.17738, 0.1634]","[0, 3, 2, 1]",117.0,23.0,4.0,1.0,0.13865999999999998,0.17737999999999998,0.015289299158234819,0.1560925,4.0,0.0,3.0,"[0, 0, 0, 0]","[0, 0, 0, 0]",0.0,0.0,0.0,0.0,0.0,0.0,0.0,0.0,0.0,0.0,1.0,"[255.5556, 51.2821, 60.0, 104.7619]",20.0,51.2821,255.5556,82.02443002444456,117.8999,[0],0.0,0.0,0.0,0.0,0.0,0.0
15,15,15,7814,28531,"Сразу после возвращения Фрама Нансен стал главным специалистом по полярным исследованиям в мире, по выражению Р. Хантфорда — оракулом для всех исследователей полярных широт Севера и Юга [188]. Нансен консультировал бельгийского барона Адриена де Жерлаша, который планировал в 1898 году свою экспедицию в Антарктиду, одним из участников команды был Руаль Амундсен[189]. Известнейший исследователь Гренландии Кнуд Расмуссен сравнил посещение Нансена с посвящением в рыцари[190]. В то же время Нансен категорически отказался встречаться со своим соотечественником Карстеном Борхгревинком, сочтя его мошенником, хотя именно он совершил первую успешную зимовку на побережье Антарктиды[191]. В 1900 году в Норвегию приехал за консультациями Роберт Скотт со своим покровителем Клементом Маркхэмом — давним другом Нансена, готовившим британскую экспедицию в Антарктиду. Несмотря на то, что англичане практически проигнорировали все советы, Нансен и Скотт остались в хороших отношениях[192].",В каком году Роберт Скотт обратился за консультацией к Нансену?,1.0,"[['сразу', 'после', 'возвращение', 'фрам', 'нансен', 'стать', 'главное', 'специалист', 'по', 'полярный', 'исследование', 'в', 'мир', 'по', 'выражение', 'р', 'хантфорд', 'оракул', 'для', 'весь', 'исследователь', 'полярный', 'широта', 'север', 'и', 'юг'], ['нансен', 'консультировать', 'бельгийский', 'барон', 'адриен', 'де', 'жерлаша', 'который', 'планировать', 'в', '1898', 'год', 'свой', 'экспедиция', 'в', 'антарктида', 'один', 'из', 'участник', 'команда', 'быть', 'руаля', 'амундсен'], ['известный', 'исследователь', 'гренландия', 'кнуда', 'расмуссный', 'сравнить', 'посещение', 'нансен', 'с', 'посвящение', 'в', 'рыцари'], ['в', 'то', 'же', 'время', 'нансен', 'категорически', 'отказаться', 'встречаться', 'с', 'свой', 'соотечественник', 'карстен', 'борхгревинок', 'счесть', 'он', 'мошенник', 'хотя', 'именно', 'он', 'совершить', 'один', 'успешный', 'зимовка', 'на', 'побережье', 'антарктиды'], ['в', '1900', 'год', 'в', 'норвегия', 'приехать', 'за', 'консультация', 'роберт', 'скотт', 'с', 'свой', 'покровитель', 'клемент', 'маркхэм', 'давний', 'друг', 'нансен', 'готовить', 'британский', 'экспедиция', 'в', 'антарктиду'], ['несмотря', 'на', 'то', 'что', 'англичанин', 'практически', 'проигнорировать', 'весь', 'совет', 'нансен', 'и', 'скотт', 'остаться', 'в', 'хороший', 'отношениях']]","[['в', 'какой', 'год', 'роберт', 'скотт', 'обратиться', 'за', 'консультация', 'к', 'нансену', '?']]","[0.11915, 0.19469, 0.2716, 0.11811, 0.35455, 0.32955]","[1, 2, 1, 1, 6, 2]",110.0,10.0,5.0,0.8284010820120562,0.11811,0.35455,0.09416085700367573,0.231275,6.0,1.0,6.0,"[0, 0, 0, 0, 1, 0]","[0, 0, 0, 0, 0, 0]",1.0,0.0,0.0,1.0,0.37267799624996495,0.16666666666666666,0.0,0.0,0.0,0.0,1.0,"[41.6667, 40.9091, 83.3333, 40.0, 23.8095, 56.25]",5.1546,23.8095,83.3333,18.508505551562568,47.66143333333333,[0],0.0,0.0,0.0,0.0,0.0,0.0
16,16,16,2270,78977,"Из российских и советских актёров ролями в амплуа травести известны, в частности, актёр Суворинского театра Борис Глаголин, который исполнил в 1908 году роль Иоанны в шиллеровской Орлеанской деве (реконструктивная постановка Н. Н. Евреинова; впоследствии этот опыт считался одним из наиболее удачных в трактовке этого образа), Олег Табаков, Александр Калягин (Здравствуйте, я ваша тётя!) и ряд детей-актёров, в частности, Фёдор Стуков. Широко известна также роль Бабы Яги, многократно отыгранная артистом Георгием Милляром в фильмах-сказках Александра Роу. Из западных актёров нельзя не вспомнить Майкла Дж. Фокса, сыгравшего во втором фильме знаменитой кинотрилогии Назад в будущее главного героя в разном возрасте, его сына и дочь, а также Дастина Хофмана, сыгравшего две главные роли (мужскую и женскую) в комедии Тутси .",Что является одним из наиболее убедительных доказательств ложности астрологии?,0.0,"[['из', 'российский', 'и', 'советский', 'актёр', 'роль', 'в', 'амплуа', 'травести', 'известный', 'в', 'частность', 'актёр', 'суворинский', 'театр', 'борис', 'глаголин', 'который', 'исполнить', 'в', '1908', 'год', 'роль', 'иоанн', 'в', 'шиллеровский', 'орлеанский', 'дева', 'олег', 'табаков', 'александр', 'калягин', 'и', 'ряд', 'детея-актёр', 'в', 'частность', 'фёдор', 'стуков'], ['широко', 'известный', 'также', 'роль', 'баба', 'яга', 'многократно', 'отыграть', 'артист', 'георгий', 'миллярый', 'в', 'фильм-сказка', 'александр', 'роу'], ['из', 'западный', 'актёр', 'нельзя', 'не', 'вспомнить', 'майкл', 'дж'], ['фокса', 'сыграть', 'в', 'второе', 'фильм', 'знаменитый', 'кинотрилогия', 'назад', 'в', 'будущее', 'главный', 'герой', 'в', 'разный', 'возраст', 'он', 'сын', 'и', 'дочь', 'а', 'также', 'дастина', 'хофмана', 'сыграть', 'два', 'главное', 'роль', 'в', 'комедия', 'тутси']]","[['что', 'являться', 'один', 'из', 'наиболее', 'убедительный', 'доказательство', 'ложность', 'астрологии', '?']]","[0.17699, 0.28571, 0.368, 0.1323]","[1, 0, 1, 0]",98.0,9.0,3.0,0.9786150528906494,0.1323,0.368,0.0922506154451015,0.24075,4.0,0.0,1.0,"[0, 0, 0, 0]","[0, 0, 0, 0]",0.0,0.0,0.0,0.0,0.0,0.0,0.0,0.0,0.0,0.0,1.0,"[29.0323, 66.6667, 112.5, 38.4615]",12.8571,29.0323,112.5,32.45192501750666,61.665125,[0],0.0,0.0,0.0,0.0,0.0,0.0
